output,input,explanation,matchOK
Fc1ccc(Br)nc1.NN,NNc1ccc(Br)nc1,"The reaction involves a nucleophilic aromatic substitution (SNAr) where the aniline (NN) serves as the nucleophile and the fluoropyridine (Fc1ccc(Br)nc1) is the electrophile. The fluorine group (F) on the pyridine ring is a good leaving group when activated by the electron-rich aniline. As a result, the aniline group replaces the fluorine on the pyridine ring to form the target molecule, NNc1ccc(Br)nc1.",FALSE
C=O.CCCCCCC(=O)c1cccnc1,C=C(CCCCC)C(=O)c1cccnc1,"To obtain the starting molecule from the target molecule, a retrosynthetic analysis suggests an aldol condensation reaction. The target molecule, 2-heptenone derivative, can be derived from the aldol condensation of two carbonyl compounds. The starting molecule consists of an aldehyde (C=O) and a ketone (CCCCCCC(=O)c1cccnc1). The aldehyde can react with the ketone via an aldol reaction to form the target molecule by forming a new carbon-carbon double bond, resulting in the introduction of the alkene linker between the two carbonyl groups present in the starting material.",FALSE
O=Cc1cc(Br)ccc1F,OCc1cc(Br)ccc1F,"The transformation involves the reduction of an aldehyde group (C=O) to a primary alcohol (CH2OH). This can be achieved through common reduction methods such as catalytic hydrogenation using hydrogen gas and a suitable catalyst (e.g., Pd/C) or using specific chemical reducing agents like sodium borohydride (NaBH4) or lithium aluminum hydride (LiAlH4). The carbonyl carbon in the starting aldehyde molecule is reduced to a primary alcohol in the target molecule, while the bromine and fluorine substituents on the aromatic ring remain unchanged.",FALSE
BrC1CCCC1.COC(=O)c1ccc(O)cc1,COC(=O)c1ccc(OC2CCCC2)cc1,"The starting materials undergo a nucleophilic aromatic substitution reaction. The phenol group on methyl 4-hydroxybenzoate (COC(=O)c1ccc(O)cc1) acts as a nucleophile. The cyclopentyl group is introduced via a nucleophilic attack involving BrC1CCCC1, where the bromocyclopentane provides the cyclopentyl group. The acidic proton on the phenol is replaced with the cyclopentyl group, resulting in the formation of methyl 4-(1-cyclopentyloxy)benzoate (COC(=O)c1ccc(OC2CCCC2)cc1). This matches the target molecule, completing the transformation.",FALSE
C1COCCN1.Cc1c(Br)sc2ccc(Cl)cc12,Cc1c(N2CCOCC2)sc2ccc(Cl)cc12,"The target molecule is a sulfur-containing heterocycle with a piperazine moiety attached, whereas the starting materials are a brominated thiophene derivative and a piperazine. To perform the retrosynthesis, a nucleophilic substitution reaction (possibly SN2 or SNAr) can be envisaged where the nitrogen of the piperazine (N2CCOCC2) acts as a nucleophile attacking the carbon bearing the bromine atom in the brominated thiophene derivative (Cc1c(Br)sc2ccc(Cl)cc12). This substitution reaction results in the incorporation of the piperazine ring into the thiophene system, displacing the bromine and yielding the target molecule.",FALSE

