output,input,explanation
N#Cc1ccccc1Oc1ccc(NCc2cccnc2)cc1.O=S(=O)(Cl)CC(F)(F)F,N#Cc1ccccc1Oc1ccc(N(Cc2cccnc2)S(=O)(=O)CC(F)(F)F)cc1,"The transformation involves the formation of a sulfonamide linkage. The starting molecule contains a secondary amine and sulfonyl chloride functionality. The secondary amine, which is part of the compound N#Cc1ccccc1Oc1ccc(NCc2cccnc2)cc1, reacts with O=S(=O)(Cl)CC(F)(F)F, which is a sulfonyl chloride, in a nucleophilic substitution reaction to form the target molecule. This reaction involves the nitrogen of the secondary amine attacking the sulfur atom of the sulfonyl chloride, leading to the displacement of the chloride ion and the formation of the sulfonamide bond (N-SO2) in the target molecule."
CC(C)(C)OC(=O)OC(=O)OC(C)(C)C.CC(N)(CO)c1cc(Br)ccc1F,CC(C)(C)OC(=O)NC(C)(CO)c1cc(Br)ccc1F,"The target molecule is an amide, and the starting materials include an anhydride and an amine. In the retrosynthesis, the target molecule can be traced back to the reaction of an anhydride with an amine. The starting anhydride, bis-tert-butyl carbonate (CC(C)(C)OC(=O)OC(=O)OC(C)(C)C), can react with the starting amine, p-bromo-α-methylbenzylamine (CC(N)(CO)c1cc(Br)ccc1F), to form the target amide by substituting one of the acyl groups (the tert-butoxycarbonyl group) for the amine. The biproduct of this reaction would be the leaving group, another tert-butoxycarbonate ion, forming possibly a gas or soluble byproduct. This mechanism involves nucleophilic acyl substitution where the amine attacks the carbonyl carbon of the anhydride, followed by a rearrangement to form the stable amide linkage."
Nc1cnccn1.O=C(O)c1cnc(OCC(F)(F)F)c(C2CCCC2)c1,O=C(Nc1cnccn1)c1cnc(OCC(F)(F)F)c(C2CCCC2)c1,"The conversion from the starting molecule to the target molecule involves an amide bond formation via a coupling reaction. The carboxylic acid functional group of the starting molecule, 'O=C(O)c1cnc(OCC(F)(F)F)c(C2CCCC2)c1', reacts with the amine 'Nc1cnccn1' to form the amide linkage in the target molecule 'O=C(Nc1cnccn1)c1cnc(OCC(F)(F)F)c(C2CCCC2)c1'. This type of reaction typically utilizes reagents like coupling agents (e.g., HATU, DCC, or EDC) to activate the carboxylic acid and facilitate the formation of the amide bond."
CNC(=O)c1c(-c2ccccc2)c(C(C)N)nc2ccc(F)cc12.N#Cc1c(N)ncnc1Cl,CNC(=O)c1c(-c2ccccc2)c(C(C)Nc2ncnc(N)c2C#N)nc2ccc(F)cc12,"The starting material is a combination of two separate molecules: 1) a substituted benzamide, and 2) a 2-chloro-nitrile-purine. The transformation from the starting materials to the target compound involves a displacement reaction where the chloro substituent on the second molecule is replaced with the secondary amine group from the first molecule. This represents a nucleophilic aromatic substitution reaction where the chlorine is substituted by the amine, which also leads to a coupling of the purine core to the benzamide scaffold."
CC(=O)NC(C)C(=O)O.COc1ccc(-n2nnnc2C(F)(F)F)cc1CN[C@H]1CCNC[C@H]1c1ccccc1,COc1ccc(-n2nnnc2C(F)(F)F)cc1CN[C@H]1CCN(C(=O)C(C)NC(C)=O)C[C@H]1c1ccccc1,"The retrosynthesis involves the formation of an amide linkage between the acyl group of acetic acid and an amine group. The starting molecule contains an amine with a secondary amine group on a chiral pyrrolidine ring and acetyl protected isopropyl amine. The starting molecule can be derived by the nucleophilic addition-elimination reaction where the amine attacks the acyl chloride derived from the carboxylic acid (CC(=O)NC(C)C(=O)O is converted to its corresponding acyl chloride). The mechanism involves the attack of the pyrrolidine secondary amine nitrogen on the carbonyl carbon, followed by the elimination of chloride to form the new amide bond. This transformation is typical in peptide bond formation. This explains the transformation from the starting amines to the target molecule, suggesting that such reaction conditions most likely involved peptide coupling reagents or conditions facilitating the formation of an amide bond."
Clc1c2c(nc3ccccc13)CCN(Cc1ccccc1)C2,Clc1c2c(nc3ccccc13)CCNC2,"To convert the starting molecule to the target molecule, we need to perform a demethylation reaction. The starting molecule has an additional benzyl group attached as a methyl group on the nitrogen atom of the piperidine ring, making it a N-benzylated compound. In the target molecule, this benzyl group is removed, leaving behind the secondary amine as in the target molecule. This transformation can often be achieved by oxidative cleavage of the benzylic linker utilizing reagents such as hydrogenolysis using palladium on carbon or other oxidative reagents that selectively remove the N-benzyl group without affecting the rest of the molecule."
COC(=O)[C@H](C)NC(=O)OC(C)(C)C.NN,C[C@H](NC(=O)OC(C)(C)C)C(=O)NN,"The transformation from the starting molecule to the target molecule involves the coupling of two starting materials. One of the starting materials is an already protected amino acid derivative (COC(=O)[C@H](C)NC(=O)OC(C)(C)C) and the other starting molecule is hydrazine (NN). The target molecule is formed by the acylation of hydrazine with the methyl ester of the amino acid, this reaction proceeds by nucleophilic acyl substitution where the hydrazine attacks the carbonyl carbon of the ester, resulting in the formation of the hydrazide bond. Meanwhile, this reaction also involves the removal of the methoxy (-OCH3) group from the methyl ester to form the final product. Therefore, this retrosynthetic step is essentially a deprotection and nucleophilic acyl substitution reaction."
NC(=O)c1cccc(N)c1N.O=C(O)C(F)(F)Cl,NC(=O)c1cccc2[nH]c(C(F)(F)Cl)nc12,"The starting molecule consists of two parts: an aniline derivative (NC(=O)c1cccc(N)c1N) and chloroformate ester (O=C(O)C(F)(F)Cl). In the retrosynthesis, the target molecule is formed through a nucleophilic aromatic substitution reaction where the aniline derivative undergoes cyclization and condensation with the chloroformate ester. The amino group on the aniline performs a nucleophilic attack on the chloroformate ester, facilitating the formation of an amide linkage, followed by an intramolecular cyclization process forming the heterocyclic structure present in the target molecule with the loss of a water molecule. Additionally, the loss of the extra amino group (forming the imine nitrogen in the target molecule) allows for the establishment of the heterocyclic structure."
OCCc1nccn1CCCc1ccc(OCc2ccccc2)cc1,OCCc1nccn1CCCc1ccc(O)cc1,"The target molecule can be synthesized from the starting molecule by performing a deprotection reaction. In this case, the benzyl protection group (OCc2ccccc2) on the phenol moiety of the starting molecule is removed, leading to the formation of the target phenol (O) group."
CCOC(=O)C(=O)c1sc(Br)cc1Br,O=C(O)C(=O)c1sc(Br)cc1Br,"The transformation from the starting molecule to the target molecule involves the hydrolysis of the ethyl ester functional group. In the starting molecule, there is an ethyl ester (CCOC(=O)-). To obtain the target molecule, this ethyl group is removed via hydrolysis, producing a carboxylic acid. This is a common reaction where the ester bond is cleaved with the addition of water, resulting in a carboxylic acid (O=C(O)-) and ethanol."
CC(C)(C)OC(=O)N1CCC(n2cc(-c3cccc(OCC4CCC(C)(C)O4)c3)c3c(N)ncnc32)CC1,CC1(C)CCC(COc2cccc(-c3cn(C4CCNCC4)c4ncnc(N)c34)c2)O1,"The transformation involves the removal of a protecting group and anchimeric assistance. The starting molecule contains a tertiary butyl carbamate (Boc) protecting group which is removed to liberate the secondary amine in the target molecule. Furthermore, the incorporation of a cyclic acetal protecting group at the end of the transformation stabilizes the overall molecular framework."
C1CCNCC1.C=C[C@@]12CCc3cc(O)ccc3[C@H]1[C@@H](CCCCCBr)C[C@]1(C)[C@@H](O)CC[C@H]12,C=C[C@@]12CCc3cc(O)ccc3[C@H]1[C@@H](CCCCCN1CCCCC1)C[C@]1(C)[C@@H](O)CC[C@H]12,"The starting molecule contains a bromo group on a linear alkyl chain connected to a steroid-derived core. The target molecule replaces the bromo group with a piperidine ring attached via an alkyl chain. The retrosynthetic transformation occurs by performing a nucleophilic substitution reaction where the primary bromide in the starting molecule is subjected to nucleophilic attack by piperidine. Piperidine acts as a nucleophile, thus replacing the bromo group with a piperidine moiety, forming a new C-N bond and yielding the target molecule with the desired functionalization."
Cc1ccc(S(=O)(=O)Cl)cc1.OCC(F)(F)C(F)(F)C(F)(F)F,Cc1ccc(S(=O)(=O)OCC(F)(F)C(F)(F)C(F)(F)F)cc1,"The transformation from the target molecule to the starting molecule involves a nucleophilic substitution reaction where the alkoxy group (OCC(F)(F)C(F)(F)C(F)(F)F) replaces the chloride (Cl) on the sulfonyl chloride group (S(=O)(=O)Cl). This can be achieved by treating the sulfonyl chloride with the alcohol (OCC(F)(F)C(F)(F)C(F)(F)F) where the alkoxide ion displaces the chloride ion, yielding the sulfonate ester in the target molecule."
Nc1ccc(CN2CCCC2)cc1.O=C(c1cnc2ccc(Br)cc2c1Cl)C1CC1,O=C(c1cnc2ccc(Br)cc2c1Nc1ccc(CN2CCCC2)cc1)C1CC1,"The target molecule contains an amide bond between a substituted aniline and a substituted benzoyl chloride. The retrosynthesis involves the disconnection at the amide bond to give two starting materials: an aniline derivative, Nc1ccc(CN2CCCC2)cc1, and an acid chloride, O=C(c1cnc2ccc(Br)cc2c1Cl)C1CC1. These two molecules can react via a nucleophilic acyl substitution, where the aniline nitrogen attacks the carbonyl carbon of the acid chloride, displacing the chloride ion to form the desired amide bond in the target molecule."
CC(C)(C)OC(=O)NC1CN(c2ccnc(Cl)n2)C1.CCCCN,CCCCNc1nccc(N2CC(NC(=O)OC(C)(C)C)C2)n1,"The transformation from the starting molecule to the target molecule involves a nucleophilic substitution reaction. In the starting materials, the bicyclic scaffold containing the pyrrole ring is initially substituted with a chlorine atom on the 2-position (c2ccnc(Cl)n2). To form the target molecule, which features a butylamine group (CCCCN) on the pyrrole ring instead of the chlorine atom, the chlorine group is replaced by a butylamine moiety through a nucleophilic substitution mechanism. This substitution likely involves the nucleophilic attack of the butylamine on the electrophilic center where the chlorine substituent is present, thereby displacing the chlorine anion and attaching the butylamine group onto the bicyclic ring system, resulting in the formation of the target molecule."
C1CCNC1.ClCc1cccc(I)c1,Ic1cccc(CN2CCCC2)c1,"The retrosynthesis involves the removal of the piperidine ring from the benzyl position of the iodophenyl ring. The starting molecule, having the iodophenyl group with the chloride tethering a piperidine ring (pyrrolidine in this case) through a methylene bridge, undergoes dehalogenation by replacing the Cl atom with a piperidine group, already present in its cyclic form C1CCNC1, forming the final target structure."
CC(C)(C)OC(=O)N1CCC(c2nsc(Nc3ncc(Oc4ccc(Br)cc4)cc3Sc3ccccc3Cl)n2)CC1.CN(C)C=O.[Li]C,CC(C)(C)OC(=O)N1CCC(c2nsc(Nc3ncc(Oc4ccc(C=O)cc4)cc3Sc3ccccc3Cl)n2)CC1,"The retrosynthesis involves the conversion of a bromoarene to a benzaldehyde derivative. The starting molecule contains a bromine attached to the phenyl ring, which is an excellent leaving group for a nucleophilic substitution reaction. The acetaldehyde is used as a formylating agent, likely in the presence of a strong base like butyl lithium, to generate the benzaldehyde moiety in the final product. Thus, the key step involves a formylation of the bromine-substituted phenyl ring to introduce the aldehyde group, achieving the transformation from the starting brominated molecule to the desired target structure with a formyl group."
Cc1cc(-c2nc3ccc([N+](=O)[O-])cc3c(=O)[nH]2)cc(C)c1O,Cc1cc(-c2nc3ccc(N)cc3c(=O)[nH]2)cc(C)c1O,"The transformation from the starting molecule to the target molecule involves the reduction of the nitro group (NO2) on the aromatic ring to an amino group (NH2). This is a classic organic transformation and can be achieved utilizing reagents such as tin (Sn) and hydrochloric acid (HCl), or catalytic hydrogenation using palladium on carbon (Pd/C) under a hydrogen atmosphere. These methods typically reduce the nitro group to an amine, forming the desired aniline in the target molecule."
COCc1cc(Cl)nc(-c2cccc(C)c2)n1.COc1ccc(Cl)c(N)c1,COCc1cc(Nc2cc(OC)ccc2Cl)nc(-c2cccc(C)c2)n1,"The target molecule is synthesized by coupling two aromatic components. The starting materials include a 4-chloro-2-methoxyaniline (COc1ccc(Cl)c(N)c1) and a chloro-substituted pyridine ring with a tolyl group (COCc1cc(Cl)nc(-c2cccc(C)c2)n1). This reaction likely involves a nucleophilic aromatic substitution (S_NAr) where the amino group from the aniline displaces the chlorine on the pyridine ring, forming the biaryl amine linkage present in the target molecule."
COc1cc([C@H]2CN3CCN(C(=O)OC(C)(C)C)C[C@@H]3CO2)ccc1C#N,COc1cc([C@H]2CN3CCNC[C@@H]3CO2)ccc1C#N,"The retrosynthetic transformation involves the deprotection of the N-Boc group (tert-butoxycarbonyl) from the secondary amine in the piperazine ring. In the starting molecule, the nitrogen of the piperazine ring is protected with a Boc group to form an N-Boc piperazine derivative. The target molecule is obtained by removing this Boc protecting group, which typically involves acidic conditions such as treatment with trifluoroacetic acid (TFA). The removal restores the free secondary amine in the piperazine, giving the desired target structure."
COC(=O)CCc1cccc(-c2cc(N3CCN(c4ncccc4C(F)(F)F)CC3)nc(N3CCOCC3)n2)c1,O=C(O)CCc1cccc(-c2cc(N3CCN(c4ncccc4C(F)(F)F)CC3)nc(N3CCOCC3)n2)c1,"The retrosynthesis involves converting the starting methyl ester into the carboxylic acid target molecule. This typically involves an ester hydrolysis reaction where the methoxy group (OCH3) is replaced by a hydroxyl group (OH), yielding the carboxylic acid. In acidic or basic conditions, the ester is cleaved, resulting in the formation of a carboxylic acid and methanol as byproduct."
O=C(O)Cc1ccccc1Nc1c(Cl)cccc1Cl.Oc1cc(O)cc(O)c1,O=C(Cc1ccccc1Nc1c(Cl)cccc1Cl)Oc1cc(O)cc(O)c1,"The starting molecules provided are a benzoic acid derivative, O=C(O)Cc1ccccc1Nc1c(Cl)cccc1Cl, and a dihydroxy-substituted phenol, Oc1cc(O)cc(O)c1. The target molecule is an ester formed by the reaction between these two starting materials. This transformation likely involves a condensation reaction, specifically an esterification, where the carboxylic acid group from O=C(O)Cc1ccccc1Nc1c(Cl)cccc1Cl reacts with the phenolic hydroxyl group in Oc1cc(O)cc(O)c1 to form an ester bond, releasing a molecule of water. Such reactions often utilize a dehydrating agent or an acidic catalyst to drive the formation of the ester bond."
CC1(C)OB(c2ccc3nc(N)c(N4CCOCC4)cc3c2)OC1(C)C.Cc1cccc(-c2nnc3ccccn23)c1Br,Cc1cccc(-c2nnc3ccccn23)c1-c1ccc2nc(N)c(N3CCOCC3)cc2c1,"The target molecule is synthesized through a Suzuki-Miyaura cross-coupling reaction between the bromide intermediate and a boronic ester derivative. The first component, Cc1cccc(-c2nnc3ccccn23)c1Br, acts as the aryl halide. The second precursor, CC1(C)OB(c2ccc3nc(N)c(N4CCOCC4)cc3c2)OC1(C)C, is a boronic ester which facilitates the cross-coupling. The reaction results in the formation of a new carbon-carbon bond between the aryl halide and the boronic ester, producing the final biphenyl system seen in the target molecule. This transformation typically requires the presence of a palladium catalyst and a suitable base to promote the coupling process."
CC(=O)C=CC=C(C)CCC=C(C)CCC=C(C)C.CCOC(=O)CP(=O)(OCC)OCC,CCOC(=O)C=C(C)C=CC=C(C)CCC=C(C)CCC=C(C)C,"The retrosynthesis involves the formation of an enol acetate from the starting materials. The target molecule is an enol ether acetate, which can be formed from an enone-type structure (the first part of the starting materials) and a vinyl ether phosphate intermediate derived from the second part of the starting materials, via the Tebbe or Corey-Chaykovsky reaction. The enone reacts with the carbene intermediate to form the enol ether acetate with the loss of a phosphine oxide byproduct."
N#Cc1ccc(F)cc1.OC1CNCc2occc21,N#Cc1ccc(OC2CNCc3occc32)cc1,"The target molecule features a phenyl ring with a cyanide substituent (N#C-) and an ether linkage (-OC-) to a 7-membered ring containing a nitrogen and an oxygen atom. The starting materials are a similar phenyl ring with a cyanide substituent and a fluorine (instead of the ether) and a separate 7-membered heterocyclic compound. The retrosynthesis implies a nucleophilic aromatic substitution (SNAr) reaction. In the presence of base, the oxygen from the separate heterocyclic compound displaces the fluorine on the phenyl ring, forming the ether linkage found in the target molecule."
CNCc1cccs1.O=C(O)c1nc2c(C(F)(F)F)cc(-c3ccoc3)cn2c1Cl,CN(Cc1cccs1)C(=O)c1nc2c(C(F)(F)F)cc(-c3ccoc3)cn2c1Cl,"The target molecule is synthesized from the starting molecules using an amide coupling reaction. The starting molecule contains two separate components: a secondary amine (CNCc1cccs1) and a carboxylic acid derivative (O=C(O)c1nc2c(C(F)(F)F)cc(-c3ccoc3)cn2c1Cl). In the retrosynthetic analysis, the amide in the target molecule (CN(Cc1cccs1)C(=O)-) is formed by the nucleophilic attack of the secondary amine nitrogen on the carbonyl carbon of the carboxylic acid, resulting in the formation of an amide bond and releasing water as a by-product."
CN(Cc1ccc(-c2ccc(O)c(Br)c2)cc1)C(=O)c1cn(C)c2ccccc12.N#CCBr,CN(Cc1ccc(-c2ccc(OCC#N)c(Br)c2)cc1)C(=O)c1cn(C)c2ccccc12,"The transformation from the starting materials to the target molecule involves an etherification reaction. The hydroxyl functional group (O) on the aromatic ring in the starting molecule serves as a nucleophile that attacks the electrophilic carbon in the cyanomethyl bromo compound (N#CCBr) to form a new ether linkage, resulting in the formation of the target molecule with the O-CN bond. Meanwhile, this reaction also allows the integration of the nitrile (-CN) group into the target molecule, a key difference from the starting materials."
COC(=O)CO.O=[N+]([O-])c1cc(C(F)(F)F)cnc1Cl,COC(=O)COc1ncc(C(F)(F)F)cc1[N+](=O)[O-],"The transformation from the starting molecule to the target molecule involves a nucleophilic aromatic substitution (S_NAr) reaction. In the starting molecule, the aromatic ring contains a chloro substituent that is replaced by a methoxyacetyl functional group. This substitution is facilitated by the presence of the strongly electron-withdrawing nitro group on the ring, which activates the aromatic ring towards nucleophilic attack. The displacement of the chloride ion occurs at the position para to the trifluoromethyl group and ortho to the nitro group, yielding the target molecule in which the methoxyacetyl group is now attached to the aromatic ring instead of a chloro group. The methoxyacetyl group is introduced through an S_NAr reaction using the nucleophile methoxyacetyl anion generated from the acetate moiety present in the starting molecule."
Cc1ccccc1N=C=O.Nc1ccc(NS(=O)(=O)c2cccc(-c3ccc(F)cc3)c2)cc1,Cc1ccccc1NC(=O)Nc1ccc(NS(=O)(=O)c2cccc(-c3ccc(F)cc3)c2)cc1,"The retrosynthesis involves the conversion of an isocyanate group (N=C=O) in the starting molecule into a urea linker (NC(=O)N) in the target molecule via nucleophilic addition-elimination reaction. The isocyanate (p-tolyl isocyanate, Cc1ccccc1N=C=O) reacts with an aniline derivative in the starting molecule (p-aminobenzenesulfonamide), where the nitrogen of the aniline derivative attacks the electrophilic carbon of the isocyanate group, forming the urea linkage in the target molecule. This reaction is facilitated by the high reactivity of the isocyanate group towards nucleophiles such as amines."
CN(CC(F)F)[C@H]1CCCNC1.Cc1c(-c2cnn(-c3ccc(C(=O)O)cn3)c2O)ccc(C#N)c1F,Cc1c(-c2cnn(-c3ccc(C(=O)N4CCC[C@H](N(C)CC(F)F)C4)cn3)c2O)ccc(C#N)c1F,"The transformation of the starting molecule to the target molecule involves the formation of an amide linkage between the carboxylic acid group in the benzoic acid derivative and the secondary amine in the piperidine derivative. The carboxylic acid on the benzoic acid derivative is activated to react with the secondary amine on the piperidine derivative, forming an amide bond. This is typically done using a coupling reagent such as DCC or EDCI in the presence of a base, which forms the amide from the carboxylic acid and amine. The stereochemistry is maintained at the chiral center during this transformation."
CI.O=C(N[C@@H](CCCCO)C(=O)N1CCN(C(=O)OC2CCC2)CC1)c1cc(OCC(=O)N2CCC[C@H]2C(=O)NC2CCC2)n(-c2ccccc2)n1,CN(C(=O)[C@@H]1CCCN1C(=O)COc1cc(C(=O)N[C@@H](CCCCO)C(=O)N2CCN(C(=O)OC3CCC3)CC2)nn1-c1ccccc1)C1CCC1,"The retrosynthesis involves the dealkylation of the tertiary amide group on the target molecule to yield the starting molecule. The target molecule contains a N-methyl group attached to the pyrrolidine ring, forming a quaternary ammonium structure. The removal of this N-methyl group via hydrolytic cleavage or another suitable dealkylation reaction would restore the primary amide nature of the starting molecule. We use iodide as a possible reagent to facilitate N-dealkylation, given the iodine in the starting material. Starting material regeneration can be completed with the hydrolysis of the tertiary (enzymatic or chemical) amide bond in the presence of a base that converts the N-methyl group on the tertiary amide back to the neutral amine form. In addition, the retro-aldol reaction on the oxetane cleavage site produces methanol and reintroduces the phenyl group on the nitrogen, restoring the bicyclic lactam nucleus to the starting configuration."
CCOC(=O)C1CCN(c2cnc(N(Cc3cc(C(F)(F)F)cc(C(F)(F)F)c3)Cc3cc(C(F)(F)F)ccc3N(CC)CCOC)nc2)CC1,CCN(CCOC)c1ccc(C(F)(F)F)cc1CN(Cc1cc(C(F)(F)F)cc(C(F)(F)F)c1)c1ncc(N2CCC(C(=O)O)CC2)cn1,"The retrosynthetic analysis for the transformation of the starting molecule to the target molecule involves a rearrangement and functionalization strategy. Starting from a piperidine core with an ester side chain and a tri-substituted nitrogen atom, the transformation involves switching the ester to a carbamate functional group. This is achieved by a nucleophilic attack of an amine (from N2CCC(N)CC2) onto the carbonyl carbon of the ester, resulting in a structural rearrangement where the ester becomes a carbamate linkage. This helps establish the correct nitrogen connectivity as observed in the target structure. Additional transformations include breaking down the bottom aromatic ring components to attach them through the nitrogen atoms strategically, as per the target molecule, suggesting a series of reductive amination and potential cross-coupling steps to achieve the desired substitutions (trifluoromethyl groups and the aryl positioning) on the aromatic rings."
COc1cc(C(=O)O)n(C)n1.Nc1cc(Oc2ccc3nc(NC(=O)C4CC4)cn3n2)ccc1F,COc1cc(C(=O)Nc2cc(Oc3ccc4nc(NC(=O)C5CC5)cn4n3)ccc2F)n(C)n1,"The transformation involves the coupling of two intermediate molecules to form an amide bond. The starting molecules are methyl 6-methoxynicotinate (COc1cc(C(=O)O)n(C)n1) and the aniline derivative (Nc1cc(Oc2ccc3nc(NC(=O)C4CC4)cn3n2)ccc1F). The retrosynthetic analysis suggests that the target molecule can be obtained through an amide bond formation between the carboxylic ester group in the methyl nicotinate and the amino group of the aniline derivative. This would typically be achieved using coupling reagents or activating the ester group for nucleophilic attack. The methyl ester gets converted to an amide via nucleophilic substitution by the amine group on the aniline fragment, forming the desired target compound."
CCS(=O)(=O)c1ccc(NC(=O)[C@@](C)(O)C(F)(F)F)c(Cl)c1F.CS(=O)(=O)N1CCNCC1,CCS(=O)(=O)c1ccc(NC(=O)[C@@](C)(O)C(F)(F)F)c(Cl)c1N1CCN(S(C)(=O)=O)CC1,"The transformation from the starting material to the target molecule involves a nucleophilic aromatic substitution reaction. In the starting molecule, the phenyl ring has a fluorine attached (p-fluoroaniline derivative). The other starting material is N-methylpyrrolidine ring with a sulfonyl chloride functional group. The nucleophile (secondary amine in N-methylpyrrolidine) attacks the aromatic fluorine-substituted carbon, displacing the fluorine atom and forming a new C-N bond leading to the N-sulfonylpyrrolidine substitution product in the target molecule. This forms the sulfonamide linkage on the phenyl ring, replacing the fluorine, and completing the transformation to the target molecule."
CN1CCc2ccc(O)cc2C1=O.ClCCCCBr,CN1CCc2ccc(OCCCCCl)cc2C1=O,"The starting molecule undergoes an alkylation reaction to form the target molecule. This reaction involves the nucleophilic substitution of the bromide (Br) in ClCCCCBr with the phenolic oxygen (O) of the starting molecule CN1CCc2ccc(O)cc2C1=O to form an ether linkage, creating the OCCCCCl moiety in the target molecule. The chloride (Cl) is retained in the final molecule, originating from the alkyl bromide reagent. The reaction likely proceeds through an S_N2 mechanism, where the oxygen acts as a nucleophile, attacking the carbon of the ClCCCCBr, leading to the formation of the OCCCCCl chain attached to the aromatic ring."
CC(C)(C)COCc1ccc(C#N)cc1,CC(C)(C)COCc1ccc(CN)cc1,"The transformation from the starting molecule CC(C)(C)COCc1ccc(C#N)cc1 to the target molecule CC(C)(C)COCc1ccc(CN)cc1 involves the reduction of the cyano group (C#N) to a primary amine (CN). This can be achieved through catalytic hydrogenation or the use of reducing agents like lithium aluminum hydride (LAH) or borane (BH3), which are commonly employed to convert nitriles to primary amines."
COC(=O)COc1cccc2c1c(C(=O)C(N)=O)c(C1CC1)n2Cc1ccccc1-c1ccccc1,NC(=O)C(=O)c1c(C2CC2)n(Cc2ccccc2-c2ccccc2)c2cccc(OCC(=O)O)c12,"The target molecule has a carboxylate ester group that has been converted to a carboxylic acid functionality. To achieve this conversion, an ester hydrolysis reaction can be performed on the starting molecule. This is usually conducted in the presence of an aqueous acid or base, which allows for the replacement of the methoxy group (OCH3) in the ester with a hydroxyl group (OH), resulting in a carboxylic acid group (COOH) in the target molecule. The rest of the molecular structure, including the indole core and the bisaryl linker remains unchanged in the transformation."
CCN1C(=O)Cc2cc(N3C[C@H](C(=O)OC)OC3=O)ccc21.N,CCN1C(=O)Cc2cc(N3C[C@H](C(N)=O)OC3=O)ccc21,"The target molecule contains an amide bond (C(N)=O) in place of the ester bond (C(=O)OC) present in the starting molecule. The retrosynthetic step involves the conversion of an ester group to an amide group, which is achieved through the reaction of the ester with ammonia or an ammonium compound. This reaction is a type of aminolysis, where the ester bond is cleaved and replaced by the nitrogen-containing amide bond. Therefore, the starting molecule includes an ester substituent that is transformed into the corresponding amide in the target molecule through a nucleophilic acyl substitution mechanism."
COc1cc2cnnc(Cl)c2cc1OC.OCC1CCCNC1,COc1cc2cnnc(N3CCCC(CO)C3)c2cc1OC,"The target molecule is an ether with a pyrazole core decorated with two methoxy substituents and an oxazine substituent. The starting molecule consists of two separate compounds: a chlorinated pyrazole with similar methoxy substitution and a separate morpholine alcohol. This retrosynthetic transformation involves a nucleophilic substitution reaction where the chloride (Cl) on the chlorinated pyrazole is displaced by the nitrogen-containing morpholine ring. This transformation aligns with classical SNAr (nucleophilic aromatic substitution) where the morpholine nitrogen acts as the nucleophile, attacking the electron-deficient pyrazole ring, displacing the chlorine, and forming the target structure with the connected morpholine moiety."
COc1cc(C2CCC(O)O2)cc(OC)c1OC.O=C1c2ccccc2C(=O)N1CCCO,COc1cc([C@H]2CC[C@@H](OCCCN3C(=O)c4ccccc4C3=O)O2)cc(OC)c1OC,"The retrosynthesis involves forming an ether bond by connecting the alcohol group on the cyclohexane moiety of the starting molecule with the carbon linking chain of the phthalimide derivative. Begin by identifying the alcohol group on the 1,2-cyclohexanediol and the aminophthalimide derivative. Through a nucleophilic substitution reaction, the alcohol group reacts with the halogenated carbon on an activated form of the phthalimide derivative, perhaps via a leaving group, to form an ether linkage. This results in the formation of the target molecule, which has a phthalimide ester linkage replacing a free hydroxyl group in the cyclohexane tail."
COc1ccc(O)c(N)c1.O=C(Br)CBr,COc1ccc(O)c(NC(=O)CBr)c1,"The target molecule is an acylation product derived from an aniline. The starting materials suggest a nucleophilic acyl substitution reaction. In this retrosynthesis, the target molecule could be obtained by reacting the aniline derivative COc1ccc(O)c(N)c1 with O=C(Br)CBr. In the process, the amine (NH2) group of the aniline attacks the carbonyl carbon of the acyl bromide (O=C(Br)CBr), resulting in the attachment of the acyl group (CBr) to the nitrogen of the aniline, which leads to the formation of the amide bond (NC(=O)CBr) in the target molecule."
COC(=O)C1CC(F)CN(C(=O)OC(C)(C)C)C1,CC(C)(C)OC(=O)N1CC(F)CC(CO)C1,"The starting molecule, COC(=O)C1CC(F)CN(C(=O)OC(C)(C)C)C1, can be converted to the target molecule, CC(C)(C)OC(=O)N1CC(F)CC(CO)C1, by removing the methyl ester protecting group (C(=O)OC) and cyclizing the molecule to form the lactam ring with the cyclic secondary amine involving nitrogen of piperidine. This reaction is a type of lactamization, where decarboxylation and ring closure occurs simultaneously, targeting stronger interaction within the piperidine ring and leading to the formation of another ester linkage involving the t-butyl group which is a part of the tert-butyl carbamate structure."
CC(N)c1ccc2ccccc2c1.O=C(O)Cn1cc(-c2ccccc2)n(C2CC2)c1=O,CC(NC(=O)Cn1cc(-c2ccccc2)n(C2CC2)c1=O)c1ccc2ccccc2c1,"The retrosynthetic transformation involves the amide-bond formation between the amine group of the substituted aniline molecule (CC(N)c1ccc2ccccc2c1) and the carboxylic acid group of the other starting molecule (O=C(O)Cn1cc(-c2ccccc2)n(C2CC2)c1=O). In practical synthesis, this typically involves activating the carboxylic acid, often forming an acyl chloride or using a coupling reagent such as DCC, to react with the free amine group, thus forming the target amide linkage."
CC(C)(C)OC(=O)N1CCC[C@H](CNc2nc(-c3cnn(C4CCCC4)c3)cc3nccnc23)C1,c1cnc2c(NC[C@H]3CCCNC3)nc(-c3cnn(C4CCCC4)c3)cc2n1,"The transformation from the starting molecule to the target molecule involves the deprotection step of removing the Boc protecting group. The starting molecule contains a Boc-protected piperidine nitrogen, which is represented by the group 'CC(C)(C)OC(=O)' attached to the nitrogen. In the target molecule, this protection group is removed, resulting in the unprotected secondary amine. This type of transformation is usually achieved by treating the Boc-protected amine with a strong acid, such as trifluoroacetic acid, under conditions that cleave the t-butoxycarbonyl protecting group without affecting other sensitive functionalities in the molecule."
C1COCCN1.O=Cc1cnc2ccc(Br)cn12,Brc1ccc2ncc(CN3CCOCC3)n2c1,"The target molecule, a substituted brominated naphthyridine, is synthesized through a nucleophilic substitution reaction where the bromine atom on the brominated pyridine core is replaced by the morpholine moiety. The starting materials, a brominated naphthyridine and morpholine, undergo a nucleophilic aromatic substitution reaction. The brominated naphthyridine features an activated aromatic ring with electron-withdrawing nitrogen atoms that facilitate the substitution reaction. Morpholine acts as the nucleophile, attacking the electrophilic carbon bonded to bromine, ultimately replacing the bromine with the morpholine group to form the target molecule."
Clc1ccc2c(c1)NCC2.O=[N+]([O-])c1ccc2c(Cl)ncnc2c1,O=[N+]([O-])c1ccc2c(N3CCc4ccc(Cl)cc43)ncnc2c1,"The target molecule contains a bicyclic system with a nitro group and a phenyl piperazine moiety. The starting molecules consist of two components: a chlorophenyl piperazine fragment and a nitro-benzyl-cloropyrazine fragment. The retrosynthetic analysis involves identifying the nucleophilic aromatic substitution (S_NAr) reaction operative between the piperazine nitrogen on the piperazine fragment and the 6-chloro substituent on the nitro-benzyl-chloropyrazine fragment. The nitrogen of the piperazine moiety acts as a nucleophile and displaces the chlorine atom on the pyrazine ring of the nitro-benzyl-chloropyrazine, forming the desired C-N bond which results in the target molecule. This reaction effectively connects the two fragments to form the target structure."
CCC1(c2ccc(COc3ccc(CO)c(CO)c3)s2)OCCO1,CCC(=O)c1ccc(COc2ccc(CO)c(CO)c2)s1,"The transformation from the target molecule to the starting molecule involves a protective group strategy where the carbonyl group (ketone) in the target molecule is protected as a ketal in the starting molecule. The target molecule contains a ketone group at the end of the carbon chain attached to the thiophene ring, which is transformed into a ketal by reacting with ethylene glycol in an acid-catalyzed reaction to form a 1,3-dioxolane ring. In the starting molecule, this ketal function serves as a protective group for the ketone, stabilizing the molecule under conditions that might otherwise lead to unwanted reactions at the carbonyl carbon."
CCCC(=O)c1ccc(Br)cc1O.CI,CCCC(=O)c1ccc(Br)cc1OC,"The transformation from the starting molecule to the target molecule involves a methylation reaction. The starting material, CCCC(=O)c1ccc(Br)cc1O, contains a phenolic hydroxyl group which can act as a nucleophile. In the presence of methyl iodide (CI), this hydroxyl group undergoes an SN2 reaction to form the corresponding methyl ether, CCCC(=O)c1ccc(Br)cc1OC, the target molecule. This reaction is a classic example of ether synthesis using an alkyl halide and a phenol, utilizing the nucleophilic nature of the oxygen atom in the phenol and the electrophilic character of the methyl iodide."
Brc1cnc2ccccc2c1.C=CC(=O)OC,COC(=O)/C=C/c1cnc2ccccc2c1,"The target molecule, COC(=O)/C=C/c1cnc2ccccc2c1, can be retrosynthetically analyzed to reveal that it can be assembled from a Suzuki coupling reaction. In this reaction, an aryl bromide, Brc1cnc2ccccc2c1, undergoes a palladium-catalyzed cross-coupling with an alkene ester, C=CC(=O)OC. The coupling reaction facilitates the formation of the carbon-carbon double bond linkage between the aromatic pyridine ring and the vinyl group of the acrylate ester, creating the conjugated double bond system in the target molecule. This cross-coupling strategy is a common method for forming C-C bonds in complex organic syntheses."
CC(C)N(CC(=O)O)S(=O)(=O)c1ccc(F)cc1.NCc1cc(-c2ccc(C(F)(F)F)cc2)ccc1F,CC(C)N(CC(=O)NCc1cc(-c2ccc(C(F)(F)F)cc2)ccc1F)S(=O)(=O)c1ccc(F)cc1,"To achieve the transformation from the starting materials to the target molecule, we can look at the retrosynthesis process involving acyl substitution at the amide. The starting materials include an acyl ammonium intermediate (from the loss of the leaving group - usually a carboxylate from CC(C)N(CC(=O)O)S(=O)(=O)c1ccc(F)cc1) and an amine (NCc1cc(-c2ccc(C(F)(F)F)cc2)ccc1F). A nucleophilic acyl substitution occurs where the amine group from NCc1cc(-c2ccc(C(F)(F)F)cc2)ccc1F attacks the carbonyl carbon of the acyl ammonium, displacing the carboxylate ion and forming the desired amide linkage in the target molecule. This reaction is a classic example of a peptide coupling reaction, often facilitated by coupling reagents in peptide synthesis. In this case, the trifluoromethylphenyl group becomes linked to the primary amine, generating the intact amide moiety found in the target molecule."
CN(Cc1nc(-c2ccccc2F)c(S(=O)(=O)c2cccc(C(=O)N3CCCC3)c2)s1)C(=O)OC(C)(C)C,CNCc1nc(-c2ccccc2F)c(S(=O)(=O)c2cccc(C(=O)N3CCCC3)c2)s1,"The transformation from the starting material to the target molecule involves the removal of the tert-butyl carbamate protecting group. The starting molecule has an N-boc (tert-butoxycarbonyl) protecting group attached to the nitrogen of the aminomethyl group. This can be removed through acidolysis, commonly using trifluoroacetic acid (TFA) or hydrochloric acid (HCl), to yield the free amino group in the target molecule. The tert-butoxycarbonyl protecting group on the nitrogen is leaving as isobutene and carbon dioxide, leading to the target molecule."
CCOC(=O)CCNC.O=C(O)c1cc[nH]c1,CCOC(=O)CCN(C)C(=O)c1cc[nH]c1,"The starting molecule consists of two parts: the amine CCOC(=O)CCNC and the carboxylic acid O=C(O)c1cc[nH]c1. The retrosynthetic pathway to the target molecule involves the formation of an amide bond between the primary amine group (-NH) of the CCOC(=O)CCNC moiety and the carboxylic acid group (-COOH) of O=C(O)c1cc[nH]c1. By reacting these two molecules, you perform an acylation reaction where the amine is acylated to form the N-methylamide linkage, resulting in the target molecule CCOC(=O)CCN(C)C(=O)c1cc[nH]c1."
CC1=C(C(=O)O)C(c2ccc(C(F)(F)F)cc2F)CC(=O)N1.CCc1n[nH]c2ccc(N)cc12,CCc1n[nH]c2ccc(NC(=O)C3=C(C)NC(=O)CC3c3ccc(C(F)(F)F)cc3F)cc12,"The target molecule is an amide formed by the reaction between an amine group and a carboxylic acid derivative. Retrosynthetically, this can be obtained from the starting materials: 5-amino-1-methylpyrazole (CCc1n[nH]c2ccc(N)cc12) and 2-(4-(trifluoromethyl)phenyl)-4,5-dihydrooxazole-5-carboxylic acid (CC1=C(C(=O)O)C(c2ccc(C(F)(F)F)cc2F)CC(=O)N1). The carboxylic acid derivative is typically converted to an activated form such as an acid chloride or anhydride to react with the amine group, yielding the desired amide bond. This kind of transformation often involves coupling reactions in synthetic organic chemistry."
ClCCBr.Oc1ccc(Cc2ccccc2)cc1,ClCCOc1ccc(Cc2ccccc2)cc1,"To obtain the starting molecule from the target molecule, a nucleophilic substitution reaction can be envisaged. The target molecule (ClCCOc1ccc(Cc2ccccc2)cc1) contains an ether linkage where the chlorine on the ethyl chain has attacked and displaced a leaving group. In a retrosynthetic step to obtain the starting material, we can propose that the ethyl chloro group (ClCC-) could come from chloroethyl bromide (ClCCBr), where the bromide serves as a good leaving group. The phenolic oxygen in the intermediate molecule Oc1ccc(Cc2ccccc2)cc1 could serve as the nucleophile which displaces bromide to form the ether linkage, resulting in the formation of the target molecule from the starting materials ClCCBr and phenolic compound Oc1ccc(Cc2ccccc2)cc1."
COC(=O)CC1Cc2ccc(SCc3sc(-c4ccc(C(F)(F)F)cc4)nc3C)cc2C1,COC(=O)CC1Cc2ccc(S)cc2C1,"The conversion from the starting molecule to the target molecule involves the removal of a thioether substituent attached to the aromatic ring. This transformation can be achieved through a de-alkylation of the thioether. The starting molecule features a thioether anchoring a SC fragment linked to a substituted thiophene ring, which can be cleaved to revert the modification and provide the target molecule with an unsubstituted thiol group directly attached to the aromatic system. This deprotection can be achieved using desulfurization techniques or stronger nucleophilic attacks if this substituent allows such transformation. The trifluoromethyl-benzene moiety is a distinctive indication of regioselectivity in the starting material, which is excluded in the target, affirming that the transformation focuses on removing the thioether linkage to the heterocyclic thiophene and the trifluoromethyl-containing aromatic system."
CC(C)(CO)CCCCN1C(=O)c2ccccc2C1=O,CC(C)(CO)CCCCN,"The target molecule is N-(pentamethylethyl)-butanamine. The starting molecule is a cyclic urea derivative where the amine functionality is protected as part of the cyclic structure. In the retrosynthetic route, the key step involves the deprotection of the secondary amine. This could be achieved through a reductive cleavage of the urea linkage or by hydrolytic methods to break the cyclic urea structure, releasing the free amine (CC(C)(CO)CCCCN) from its protected form (CC(C)(CO)CCCCN1C(=O)c2ccccc2C1=O). After this deprotection step, you obtain the target amine molecule."
CN(C)CCN(Cc1ccc(C(=O)Nc2cscc2NC(=O)OC(C)(C)C)nc1)C(=O)Nc1ccc2c(c1)OCCO2,CN(C)CCN(Cc1ccc(C(=O)Nc2cscc2N)nc1)C(=O)Nc1ccc2c(c1)OCCO2,"The transformation from the starting molecule to the target molecule involves the deprotection of the carbamate protecting group on the nitrogen atom of the thiophene ring. The tert-butyl carbamate group (OC(C)(C)C) is removed to yield the free amine. This is a typical deprotection step in synthetic organic chemistry where carbamates can serve as temporary protecting groups for amines, enabling subsequent functionalization of other parts of the molecule without interference from the reactivity of the amine group. The transformation may have been accomplished using acidic or basic conditions, or possibly via hydrogenation in the presence of a suitable catalyst if other functional groups are tolerant to such conditions."
CC(N)=O.Cc1ccc2c(N3CCN(CCc4cc(Br)ccc4F)CC3)cccc2n1,CC(=O)Nc1ccc(F)c(CCN2CCN(c3cccc4nc(C)ccc34)CC2)c1,The target molecule is a urea derivative where an acyl (acetyl) group is attached to the nitrogen atom of the aniline moiety. The starting molecule features a brominated aromatic ring system and an isocyanate. The retrosynthetic analysis suggests that the target compound can be synthesized by replacing the bromine atom on the aromatic ring with an acetyl group to form the required acetamide linkage. This transformation can be achieved through a nucleophilic acyl substitution reaction where the bromide ion is substituted by the acetyl group from acetic anhydride or acetyl chloride. The isocyanate group in the starting molecule facilitates the formation of the required carbonyl functionalities in the final product.
Brc1ncc(Br)n2ccnc12.CN(C)Cc1cn(-c2ccc(N)cc2)nn1,CN(C)Cc1cn(-c2ccc(Nc3ncc(Br)n4ccnc34)cc2)nn1,"The target molecule is synthesized from the starting materials through a coupling reaction. Starting with the compound CN(C)Cc1cn(-c2ccc(N)cc2)nn1, which already contains the dimethylaminomethylene functional group, a palladium-catalyzed cross-coupling reaction, such as a Suzuki or Buchwald-Hartwig amination, is used to attach the brominated heteroaromatic region from the molecule Brc1ncc(Br)n2ccnc12. This reaction forms the biaryl linkage between the components through the substitution of the bromine atom by the nitrogen aniline fragment, ultimately forming the desired pyrimidine core structure present in the target molecule."
Brc1ncnc2[nH]cnc12.CC(N)c1ccc2cccnc2c1-c1cncc(F)c1,CC(Nc1ncnc2[nH]cnc12)c1ccc2cccnc2c1-c1cncc(F)c1,"The transformation from the target molecule to the starting molecule involves a retrosynthesis step that introduces a 5-membered purine ring joined at the nitrogen atom. In the target molecule, the purine ring is already connected to the linker via the nitrogen forming the amide bond. Going backwards, this connection can be cleaved to reveal brominated purine (Brc1ncnc2[nH]cnc12) as the building block. Meanwhile, the amide linkage in the target structure is formed by coupling the brominated purine with the aniline nitrogen of the other component (CC(N)c1ccc2cccnc2c1-c1cncc(F)c1). This disconnection strategy helps in identifying the key heterocyclic component (5-membered purine with a bromine) and the tail component with the aniline nitrogen, leading to the correct retrosynthetic analysis involving these distinct molecules as starting materials."
C1=COCCC1.O=Cc1cccc(O)c1,O=Cc1cccc(OC2CCCCO2)c1,"The target molecule is an aryl acetaldehyde where the phenolic hydroxyl group is replaced with a tetrahydropyranyl ether. To achieve this from the starting materials, we look at O=Cc1cccc(O)c1 which is the phenolic aldehyde. The tetrahydropyranyl ether formation could be achieved by reacting this compound with tetrahydropyran (C1=COCCC1) in the presence of an acid catalyst, which facilitates the conversion of the hydroxyl group to a tetrahydropyranyl ether. This reaction is known as the formation of a protecting group for the hydroxyl functionality, which is often used in organic synthesis to protect sensitive alcohol functions during further reactions."
CCOC(=O)[C@H]1CC[C@@H](O)CC1.Oc1cccc(F)c1,CCOC(=O)[C@H]1CC[C@H](Oc2cccc(F)c2)CC1,"The target molecule is obtained from the starting molecules through an esterification reaction where a hydroxyl group in the cyclic ketone Starting molecule is replaced by an aryl ether linkage. This transformation can be performed using an appropriate coupling agent or activation energy that allows for the reaction of the hydroxyl group with the fluorophenol ring leading to the formation of the aryl ether bond present in the cyclic ester of the target molecule. The stereochemistry at the chiral centers remains the same as the starting molecule, which implies no epimerization or racemization occurs during the reaction. Therefore, this reaction can be assumed to be a controlled ester coupling involving the addition of the aryl fluoride group to the cyclic keto structure."
CN.Fc1ccc(-c2nc3nn(CCCCl)cc3c(-c3ccc(F)cc3)c2-c2ccncc2)cc1,CNCCCn1cc2c(-c3ccc(F)cc3)c(-c3ccncc3)c(-c3ccc(F)cc3)nc2n1,"To convert the starting molecule to the target molecule, a retrosynthetic analysis suggests that the triazole ring containing the 1,2,4-triazole moiety in the starting material is modified to an imidazopyridine moiety in the target molecule. This transformation involves the removal of the chloropropyl side chain connected to the triazole ring and forming an amine side chain attached to the nitrogen. The central core of an imidazopyridine (n1cc2 structure) remains unchanged, and it involves functional group rearrangement and substitution reactions on the triazole to convert it to the target imidazopyridine structure. The functional groups on the aromatic rings with the fluorine substituents remain the same and participate in intramolecular electron rearrangement and cyclization to provide the required azabicyclic structure in the target molecule."
CC(C)(C)c1ccc(C(=O)Cl)cc1.CNC(C)c1nc2ccccc2c(=O)n1-c1ccc(OC)cc1,COc1ccc(-n2c(C(C)N(C)C(=O)c3ccc(C(C)(C)C)cc3)nc3ccccc3c2=O)cc1,"The retrosynthesis of the target molecule from the given starting materials involves forming an amide bond through acylation of an amine. The starting molecule is a combination of an acid chloride and an amine. The acid chloride is 4-chloroformyl-2,2,4-trimethylpentanoate (pivaloyl chloride derivative on an aromatic ring), and it is reacting with the aromatic amine, which is a methylpyrimidone derivative with an attached anisole group. The reaction proceeds via nucleophilic acyl substitution, where the nucleophilic amine attacks the electrophilic carbonyl carbon of the acid chloride, leading to the displacement of the chloride ion and formation of the amide bond, thus forming the target molecule."
Cc1cc(F)c(N)cc1O.Clc1ccc2nncc(Cl)c2c1,Cc1cc(F)c(Nc2cnnc3ccc(Cl)cc23)cc1O,"The synthesis of the target molecule from the given starting materials involves a nucleophilic aromatic substitution. The first starting material, Cc1cc(F)c(N)cc1O, is a fluorinated aniline derivative. This molecule contains an amino group ortho to a fluorine, increasing nucleophilic character. The second starting material, Clc1ccc2nncc(Cl)c2c1, has an electrophilic site at the chloropyrazole moiety, this will allow an electrophilic aromatic substitution to occur where the amino group from the first starting molecule substitutes for the chlorine on the pyrazole ring. Thus, the bond between the aniline's nitrogen and the chloropyrazole forms, producing the target molecule, an aniline condensed with a chloro-substituted pyrazole ring."
COC(=O)Cc1ccc(Br)s1.Cc1ccccc1CCO,COC(=O)Cc1ccc(-c2ccc(O)cc2)s1,"The target molecule is synthesized from the starting materials through a Suzuki coupling reaction. In this transformation, the bromine atom present on the thiophene ring in the starting molecule is replaced by a phenol group, effectively forming a biaryl linkage. The reaction involves the cross-coupling of the aryl bromide, COC(=O)Cc1ccc(Br)s1, with the boronic acid or boronate ester derivative of the phenol-containing aryl compound derived from the other starting material, Cc1ccccc1CCO, which undergoes oxidation to form the required boronic acid derivative. This reaction requires a palladium catalyst and occurs with the loss of the bromine atom as part of an inorganic by-product. The methoxycarbonylmethyl group on the thiophene remains unchanged during this transformation. The overall transformation effectively replaces the aryl bromide with an aryl group possessing a hydroxyl function, leaving the rest of the molecule intact."
Cc1cc(NCCCCCO)c([N+](=O)[O-])cc1C,Cc1cc(N)c(NCCCCCO)cc1C,"The starting molecule undergoes a reduction reaction to transform the nitro group (-NO2) on the aromatic ring to an amino group (-NH2). This transformation is commonly achieved using reducing agents such as iron and hydrochloric acid (Fe/HCl) or catalytic hydrogenation (H2, Pd/C). In the process, the nitro group on the benzene ring is reduced to the target amino group, effectively transforming the starting molecule into the target molecule."
NCc1cc(N)ccc1S(=O)(=O)Nc1ccc2c(c1)B(O)OC2.O=S(=O)(Cl)C1CC1,Nc1ccc(S(=O)(=O)Nc2ccc3c(c2)B(O)OC3)c(CNS(=O)(=O)C2CC2)c1,"The transformation from the starting molecules to the target molecule involves the sulfonylation of the amine group present in the starting molecule NCc1cc(N)ccc1S(=O)(=O)Nc1ccc2c(c1)B(O)OC2 with the sulfonyl chloride O=S(=O)(Cl)C1CC1. This reaction forms an N-sulfonyl compound (sulfonamide) by donating the sulfonyl chloride group to the amino group, producing the desired connectivity in the target molecule. The product includes the bridging sulfonamide linkage with the addition of the sulfamoyl side chain (CNS(=O)(=O)C2CC2) on the aromatic ring system."
C1CCC(C2CCNCC2)CC1.O=c1[nH]c2ccccc2n1CCCI,O=c1[nH]c2ccccc2n1CCCN1CCC(C2CCCCC2)CC1,"The retrosynthesis of the target molecule from the starting materials involves a nucleophilic substitution reaction. The target molecule is a fused bicyclic tertiary amine linked to a heteroaromatic system. The starting materials include a bicyclic amine and an iodinated heterocycle. The reaction likely proceeds via substitution of the iodide ion on the heterocycle with the secondary amine group from the bicyclic amine, forming the C-N bond that links the two parts of the target molecule."
Cc1oc(-c2ccccc2)nc1CCOc1ccc(C=O)cn1,Cc1oc(-c2ccccc2)nc1CCOc1ccc(CO)cn1,"The transformation from the starting molecule to the target molecule involves the reduction of an aldehyde group (C=O) to a primary alcohol group (CH2OH). This type of transformation can typically be achieved using reducing agents such as sodium borohydride (NaBH4) or lithium aluminum hydride (LiAlH4). In this case, the aldehyde group attached to the benzene ring is reduced to the corresponding alcohol, yielding the target molecule."
Cc1cc([N+](=O)[O-])cc(C#N)c1Oc1ccc(O)c(C(C)C)c1,Cc1cc(N)cc(C#N)c1Oc1ccc(O)c(C(C)C)c1,"The starting molecule contains a nitro group (-NO2) attached to an aromatic ring, which is transformed into an amino group (-NH2) in the target molecule. This transformation can be achieved through a reduction reaction. A common method for reducing nitro groups to amino groups involves using reducing agents like SnCl2/HCl or catalytic hydrogenation (H2 with a catalyst like Pd/C). During this reduction, the nitro group undergoes a series of intermediate steps to finally yield the amino group, resulting in the target molecule."
Cc1ccc(S(=O)(=O)N2CCC(C)C(O)C(N)C2)cc1.O=C(O)c1ccccn1,Cc1ccc(S(=O)(=O)N2CCC(C)C(O)C(NC(=O)c3ccccn3)C2)cc1,"The retrosynthesis involves forming the target molecule by coupling an amine functional group with a carboxylic acid through amide bond formation. The starting molecules are composed of the sulfonamide intermediate and nicotinic acid, an aromatic carboxylic acid. In the forward synthesis, the primary amine in the sulfonamide intermediate would react with the carboxylic acid from nicotinic acid through an amide coupling reaction such as an amidation reaction, possibly facilitated by a coupling agent like DCC (dicyclohexylcarbodiimide) or use of HATU or EDC, forming the amide linkage seen in the target molecule. This transforms the primary amine into an amide with the carbonyl attachment of the pyridine ring from nicotinic acid, resulting in the target structure."
COC(=O)[C@H](Cc1ccccc1)Nc1ncnc(-c2ccc(OCc3ccccc3)cc2)c1C=O,O=Cc1c(N[C@@H](Cc2ccccc2)C(=O)O)ncnc1-c1ccc(OCc2ccccc2)cc1,"The retrosynthetic analysis involves converting the starting material to the target molecule by recognizing the transformation of the ester group in the starting material into a free carboxylic acid in the target. The starting material has a methoxycarbonyl group, COC(=O)-, attached to the chiral center, which is an ester functional group. In the target molecule, this ester is hydrolyzed to an acid, indicated by C(=O)O-. This change can be accomplished through a saponification reaction, which involves treatment with a base such as NaOH to yield the carboxylic acid. Additionally, the rest of the molecular structure remains the same, retaining the attachment of various aromatic and heterocyclic rings in the same positions. Thus, the retrosynthesis involves identifying that an ester hydrolysis transforms the starting molecule into the desired target structure."
CCOC(=O)c1nc(C#N)c2c(-c3cccs3)noc2c1O.NCC(=O)O,N#Cc1nc(C(=O)NCC(=O)O)c(O)c2onc(-c3cccs3)c12,"The target molecule is constructed from the starting molecule through an amidation reaction. The starting materials consist of an ester lactone system with a cyano group, represented by the molecule 'CCOC(=O)c1nc(C#N)c2c(-c3cccs3)noc2c1O', and the amine-containing molecule NCC(=O)O. The ester group in the lactone system is converted into an amide by nucleophilic attack of the amine nitrogen in NCC(=O)O. As the amine attacks the carbonyl carbon of the ester group, the methoxy (-OCH3) group is displaced, forming the amide bond seen in the target structure, specifically resulting in the C(=O)NCC(=O)O moiety. This reaction tailors the structure to align with the target molecule configuration."
Cc1ccc(C=Cc2ccccc2)cc1.O=C1CCC(=O)N1Br,BrCc1ccc(C=Cc2ccccc2)cc1,"The retrosynthesis involves the formation of the bromomethylbenzenoid group (BrCH2-) in the para position relative to the styryl (C=Cc2ccccc2) group. From the starting molecule, a bromination reaction involving Br2 and the enamine formed through enol tautomer of the reactant O=C1CCC(=O)N1 would lead to electrophilic substitution of the methyl group (CH3) on the aromatic ring, thereby installing the Br atom forming the target compound."
C=CC(=O)OC.COC(=O)c1c(Br)ccc2nn(C)c(C)c12,COC(=O)/C=C/c1ccc2nn(C)c(C)c2c1C(=O)OC,"The retrosynthesis involves a Heck reaction where the bromo group in the starting molecule (on the phenyl ring) undergoes palladium-catalyzed coupling with the acyloxyallyl group to form the C=C double bond linking the phenyl group to the allyl group. Essentially, the bromo substituent is replaced with the acyloxyallyl group, which leads to the formation of the target molecule with an exocyclic double bond next to the ester functionality, connecting to the heterocyclic aromatic system."
CCc1cc(Cl)nc(C2CCCC2)n1.Nc1ccc(CCO)cc1,CCc1cc(Nc2ccc(CCO)cc2)nc(C2CCCC2)n1,"The retrosynthesis involves the formation of a carbon-nitrogen bond between two precursor molecules. The starting materials are chloro-substituted pyridazine derivative (CCc1cc(Cl)nc(C2CCCC2)n1) and aminobenzyl alcohol (Nc1ccc(CCO)cc1). The reaction likely proceeds through a nucleophilic aromatic substitution (S_NAr) mechanism. The amino group on the benzyl alcohol acts as a nucleophile and displaces the chlorine atom on the pyridazine ring to form the desired carbon-nitrogen bond, resulting in the formation of the target molecule."
Cc1ccc(F)c(NC(=O)Nc2ccc(Oc3ccnc4cc(C(=O)NCCC=O)sc34)cc2F)c1.OC1CCNCC1,Cc1ccc(F)c(NC(=O)Nc2ccc(Oc3ccnc4cc(C(=O)NCCCN5CCC(O)CC5)sc34)cc2F)c1,"The starting material includes the molecule OC1CCNCC1, which is a piperidine alcohol. In the retrosynthesis pathway, we break the amide linkage between the carbonyl group attached to the phenyl ring and the piperidine moiety. This dissociation results in an aldehyde group (NCCC=O) in the starting material and separates OC1CCNCC1. The starting molecule can be derived by forming an amide linkage through the reaction of piperidine alcohol with the aldehyde group, transforming NCCC=O into NCCCN5CCC(O)CC5 and forming the target molecule."
FC(F)(F)c1cc[nH]n1.O=C(c1ccc(F)cc1Cl)N1Cc2cccn2Cc2ccccc21,O=C(c1ccc(-n2ccc(C(F)(F)F)n2)cc1Cl)N1Cc2cccn2Cc2ccccc21,"The target molecule can be obtained from the starting materials through the formation of a carbon-nitrogen bond linking the trifluoromethyl functionality to the aromatic ring. This reaction is likely a nucleophilic aromatic substitution (S_NAr) where the nitrogen of the 1,2,4-triazole ring attacks an aromatic ring activated by the trifluoromethyl group and chlorine. In the starting molecule, the triazole nitrogen in FC(F)(F)c1cc[nH]n1 acts as a nucleophile and substitutes the fluorine on the O=C(c1ccc(F)cc1Cl)N1Cc2cccn2Cc2ccccc21 aromatic ring, which originally contains a more reactive para-chloro group allowing this substitution to occur."
CC1(C)OB(c2ccc3cc(NS(C)(=O)=O)ccc3c2)OC1(C)C.COc1c(Br)cc(NC(C)=O)cc1C(C)(C)C,COc1c(-c2ccc3cc(NS(C)(=O)=O)ccc3c2)cc(NC(C)=O)cc1C(C)(C)C,"The target molecule is formed by linking two molecular fragments via a Suzuki-Miyaura coupling reaction. The starting material consists of a boronic ester (CC1(C)OB(c2ccc3cc(NS(C)(=O)=O)ccc3c2)OC1(C)C) and an aryl bromide (COc1c(Br)cc(NC(C)=O)cc1C(C)(C)C). In the Suzuki-Miyaura coupling, the boronic ester undergoes transmetallation with a palladium catalyst to form an organopalladium species. This intermediate then performs a reductive elimination with the aryl bromide. The methylthio sulfonyl protecting group remains intact, and the other functional groups on the target remain unchanged. This allows the formation of the biaryl linkage in the target molecule."
COc1ccc2c(c1)C(c1ccc(Cl)cc1)=N[C@@H](CC(=O)NCCNC(=O)OC(C)(C)C)c1nnc(C)n1-2,COc1ccc2c(c1)C(c1ccc(Cl)cc1)=N[C@@H](CC(=O)NCCN)c1nnc(C)n1-2,"The transformation from the starting molecule to the target molecule involves the hydrolysis of the tert-butyl ester group, which is present in the starting molecule as 'OC(C)(C)C'. Under acidic or basic conditions, the ester group undergoes saponification, yielding the corresponding carboxylic acid. In this case, the transformation results in the removal of the tert-butyl group, simplifying the side chain from 'NCCNC(=O)OC(C)(C)C' to 'NCCN'. This process involves the cleavage of the ester linkage and the release of tert-butanol, leading to the formation of the free amine side chain observed in the target molecule."
CCOCCCn1ccc(=O)c(OCc2ccccc2)c1C,CCOCCCn1ccc(=O)c(O)c1C,"In the retrosynthesis from the starting molecule (CCOCCCn1ccc(=O)c(OCc2ccccc2)c1C) to the target molecule (CCOCCCn1ccc(=O)c(O)c1C), we need to remove the benzyl protecting group from the phenol oxygen. This can be achieved through hydrogenation or use of a catalytic deprotection method where the benzyl ether link is cleaved to regenerate the hydroxyl group, resulting in the target structure. This reaction is commonly used in synthetic organic chemistry to expose phenol functionalities that were previously masked during synthetic sequences."
NC[C@@H]1[C@H]2C[C@H]2CN1C(=O)c1nc(N)sc1-c1cccc(F)c1.O=C(O)c1cnn2ccccc12,Nc1nc(C(=O)N2C[C@@H]3C[C@@H]3[C@H]2CNC(=O)c2cnn3ccccc23)c(-c2cccc(F)c2)s1,"The target molecule, an indolylthiazole derivative, is derived from the starting compounds which are a bridged azabicycloheptane lactam and an aromatic acyl chloride derivative. The retrosynthesis involves the disconnection of the amide bond in the target molecule. First, consider the indolyl core derived from the amide linkage between the pyridine-2-carboxylate and the aromatic heterocycle. In the starting materials, the pyridine-2-carboxylate moiety can be identified as the acid derivative, i.e., pyridine-2-carboxylic acid. The azabicycloheptane moiety in the target molecule is intact in the starting material, suggesting the use of this nitrogen-containing bicyclic structure as a nucleophile for an amide bond formation reaction. This explains the transformation from the starting materials to the target, where amide bond formation occurs between the nitrogen of the azabicyclohexane (acting as a nucleophile) and the acyl chloride (derived from the carboxylic acid and thiazole nitrogen) to form the desired bicyclic amide structure in the target molecule."
CC(C)(C)OC(=O)N1CCOc2c(Br)csc2C1.OB(O)c1ccoc1,CC(C)(C)OC(=O)N1CCOc2c(-c3ccoc3)csc2C1,"The target molecule is an arylated version of the starting molecule, where a pyran-2-one moiety is attached to the thiophene ring. In the starting molecule, the thiophene ring contains a bromine substituent, which is a good leaving group. The retrosynthesis suggests that a Suzuki coupling reaction has occurred. Suzuki coupling is a common cross-coupling reaction used to form carbon-carbon bonds between a boronic acid, in this case, OB(O)c1ccoc1, and an aryl or vinyl halide, in this case, CC(C)(C)OC(=O)N1CCOc2c(Br)csc2C1. By performing Suzuki coupling, the bromine atom on the thiophene ring of the starting material is replaced by the pyran-2-one moiety from the boronic acid, yielding the target molecule."
Nc1c(Cl)cc(Br)cc1Cl.O=C(Cl)CC1CCCC1,O=C(CC1CCCC1)Nc1c(Cl)cc(Br)cc1Cl,"The reaction required to convert the starting molecules into the target molecule involves an amide bond formation. The starting materials, aniline derivative Nc1c(Cl)cc(Br)cc1Cl, and acyl chloride O=C(Cl)CC1CCCC1 are combined in a nucleophilic acyl substitution reaction. The nitrogen atom from the aniline derivative acts as a nucleophile and attacks the carbonyl carbon of the acyl chloride, displacing the chloride ion and forming the amide bond in the target molecule. The cyclohexyl group is retained throughout the reaction as it is part of the carbonyl compound initially and remains unchanged in the overall transformation."
CNC(=O)[C@@H]1C[C@H](SC(C)=O)CN1C,CNC(=O)[C@@H]1C[C@H](S)CN1C,"The transformation from the starting molecule to the target molecule involves the reduction of a thioester (SC(C)=O) group attached to a chiral center in the starting molecule to a thiol (S) group in the target molecule. This can be achieved through a selective reduction reaction where the carbonyl group adjacent to sulfur in the thioester is reduced, removing the carbonyl functionality and leaving behind the free thiol group. Common reagents used for this transformation include lithium aluminum hydride (LiAlH4) or DIBAL-H depending on the reaction conditions and the need for selectivity."
BrC(Br)(Br)Br.COc1cccc(-c2nn(COCC[Si](C)(C)C)nc2CO)c1,COc1cccc(-c2nn(COCC[Si](C)(C)C)nc2CBr)c1,"The retrosynthesis of the target molecule to the starting molecule involves the replacement of a bromine atom on the pyrazole ring with a hydroxymethyl group (CH2OH). This implies a bromination reaction where the CH2OH functionality is transformed into a CBr moiety utilizing reagents such as elemental bromine Br2 in the presence of strong phosphorous tribromide (PBr3) to convert a hydroxyl group into a bromo group. The presence of the highly reactive carbon tetrabromide (CBr4) in your starting materials signifies its use to facilitate the bromination of the methyl group adjacent to the heterocycle, thus transforming the compound COc1cccc(-c2nn(COCC[Si](C)(C)C)nc2CO)c1 into the target molecule with the correct functional group conversions."
COc1ccc(-c2cc(N)on2)cc1.Cc1ccccc1C(=O)Cl,COc1ccc(-c2cc(NC(=O)c3ccccc3C)on2)cc1,"The retrosynthesis of the target molecule COc1ccc(-c2cc(NC(=O)c3ccccc3C)on2)cc1 from the starting materials COc1ccc(-c2cc(N)on2)cc1 and Cc1ccccc1C(=O)Cl involves the acylation of the heterocyclic amine group present in the oxime structure. The aniline derivative COc1ccc(-c2cc(N)on2)cc1 can undergo nucleophilic acyl substitution with the acyl chloride Cc1ccccc1C(=O)Cl to form an amide linkage, resulting in the target molecule where the nitrogen atom of the oxime ring is now bonded to a carbonyl group attached to a phenyl ethyl group. This reaction is typically done under basic conditions which facilitate the nucleophilic attack of the amine on the carbonyl carbon of the acyl chloride."
CC(C)(C)C(=O)OCCl.CCCCc1ncc(C=O)[nH]1,CCCCc1ncc(C=O)n1COC(=O)C(C)(C)C,"The retrosynthesis route involves two key steps. Firstly, the starting molecule contains an ester group in CC(C)(C)C(=O)OCCl, which is part of the tert-butyl chloroformate reactant, typically used in esterification reactions with alcohols or phenols. The target molecule's functional group, COC(=O)C(C)(C)C, indicates the presence of an ester linkage which can be formed by reacting an alcohol group with an acid chloride like tert-butyl chloroformate. In the target molecule, the CH2O moiety attached to the pyridone ring could be derived from the corresponding alcohol in CCCCc1ncc(C=O)[nH]1 (the starting molecule) via nucleophilic substitution of chloroformate. Thus, the transformation likely involves acylation of the hydroxyl group on the pyridone possibly through the intermediate pyridone OH being displaced in the tail chain, followed by coupling with the tert-butyl chloroformate to form the ester linkage in the target molecule."
CC(=O)Cl.CC(C)(C)NC(=O)c1ccc2[nH]ccc2c1,CC(=O)n1ccc2cc(C(=O)NC(C)(C)C)ccc21,"The retrosynthesis involves the formation of the amide linkage. The starting materials are acetyl chloride (CC(=O)Cl) and the aromatic amine CC(C)(C)NC(=O)c1ccc2[nH]ccc2c1. The reaction occurs through an acylation process where the amine reacts with the acyl chloride, losing HCl in the process to form the amide bond in the target molecule. The aromatic amine undergoes an acylation reaction with acetyl chloride, which results in the introduction of an acetyl group (CH3C(=O)-) onto the nitrogen of the amine, forming the target heterocyclic amide structure."
N#Cc1cc(C(F)(F)F)ccc1N,NCc1cc(C(F)(F)F)ccc1N,"The transformation from the starting molecule N#Cc1cc(C(F)(F)F)ccc1N to the target molecule NCc1cc(C(F)(F)F)ccc1N involves the reduction of the cyano group (nitrile group) to a primary amine. This is a common transformation that can be accomplished via hydrogenation, where the carbon-nitrogen triple bond is reduced to a carbon-nitrogen single bond, converting the nitrile (-CN) group into a primary amine (-CH2NH2)."
CC(C)(C)OC(=O)n1c(-c2cc(C(=O)O)cn(COCC[Si](C)(C)C)c2=O)cc2ccccc21.COc1ccc(Cn2cc(N)cn2)cc1,COc1ccc(Cn2cc(NC(=O)c3cc(-c4cc5ccccc5n4C(=O)OC(C)(C)C)c(=O)n(COCC[Si](C)(C)C)c3)cn2)cc1,"The retrosynthesis of the target molecule from the starting molecules involves a condensation reaction between two primary compounds. The first starting molecule, a methyl ester of an isatoic anhydride derivative, contains a methyl protecting group on an amide nitrogen. This can be amidated to form an amide bond with the secondary amine of the second starting compound, COc1ccc(Cn2cc(N)cn2)cc1, through nucleophilic acyl substitution. After removal of the methyl ester as methanol and subsequent condensation, the carboxylate moiety in the first starting molecule reacts with the amine group in the aniline derivative, forming the proposed amide linkage in the target molecule. Hence, the transformation involves the formation of a new C-N bond, enabling an overall transformation of the molecular framework to match the target structure."
CC(C)(C)OC(=O)N1CCC(CC#N)CC1,N#CCC1CCNCC1,"The starting molecule is a nitrile-bearing piperidine derivative with an amide as a protecting group on the nitrogen. The retrosynthesis plan involves removing the protecting group, tert-butyl carbamate, which results in the formation of the secondary amine piperidine with a cyanoethyl substituent. The reaction could involve acidic or basic hydrolysis to deprotect the amide and thereby obtain the free amine. This deprotection step transforms the protected piperidine (starting molecule) back to the target molecule, which is the unprotected piperidine with a nitrile group."
O=[N+]([O-])c1cccc(-c2ncsc2-c2ccnc(Cl)n2)c1,Nc1cccc(-c2ncsc2-c2ccnc(Cl)n2)c1,"The starting molecule is a nitroarene where a nitro group (NO2) is attached to a benzene ring. To achieve the target molecule, aniline, from the nitroarene, a reduction reaction is performed. The nitro group (-NO2) is reduced to an amino group (-NH2). This can be achieved using various reducing agents, such as catalytic hydrogenation (H2/Pd or Pt) or chemical reduction using metals like iron or tin in acidic medium. This reduction transforms the nitro group to an aniline functionality, which gives us the target molecule."
CO/N=C(/C(=O)OC)c1ccccc1CBr,CON=C(C(=O)OC)c1ccccc1CBr,"The target molecule is an oxime, where the nitrogen is doubly bonded to the carbon atom in the structure. In the starting molecule, the oxime's N-O single bond exists as E/Z isomers. The conversion from the starting molecule to the target molecule could involve controlling the stereochemistry at the imine to favor one isomer, either through a selective synthesis or a purification process. The structure remains largely unchanged except for the stereochemistry at the oxime functional group."
